{
  "placeholderImages": [
    {
      "id": "qris-demo",
      "description": "A placeholder QR code for payment demonstration.",
      "imageUrl": "https://images.unsplash.com/photo-1550482781-48d477e61c72?crop=entropy&cs=tinysrgb&fit=max&fm=jpg&ixid=M3w3NDE5ODJ8MHwxfHNlYXJjaHwyfHxxciUyMGNvZGV8ZW58MHx8fHwxNzYyODk0MTgzfDA&ixlib=rb-4.1.0&q=80&w=1080",
      "imageHint": "qr code"
    },
    {
      "id": "hero-landing",
      "description": "A hero image for the landing page showing people playing badminton.",
      "imageUrl": "https://images.unsplash.com/photo-1547934045-2942d193cb49?crop=entropy&cs=tinysrgb&fit=max&fm=jpg&ixid=M3w3NDE5ODJ8MHwxfHNlYXJjaHw5fHxiYWRtaW50b24lMjBjb3VydHxlbnwwfHx8fDE3NjI4OTk3NTF8MA&ixlib=rb-4.1.0&q=80&w=1080",
      "imageHint": "badminton court"
    },
    {
      "id": "event-hero",
      "description": "A hero image for the event detail page.",
      "imageUrl": "https://images.unsplash.com/photo-1722003184213-b5dfa47e2476?crop=entropy&cs=tinysrgb&fit=max&fm=jpg&ixid=M3w3NDE5ODJ8MHwxfHNlYXJjaHwzfHxiYWRtaW50b24lMjBzaHV0dGxlY29ja3xlbnwwfHx8fDE3NjI4OTk3NTF8MA&ixlib=rb-4.1.0&q=80&w=1080",
      "imageHint": "badminton shuttlecock"
    },
    {
      "id": "gallery-1",
      "description": "A player preparing to serve.",
      "imageUrl": "https://images.unsplash.com/photo-1595220427358-8cf2ce3d7f89?crop=entropy&cs=tinysrgb&fit=max&fm=jpg&ixid=M3w3NDE5ODJ8MHwxfHNlYXJjaHwxMHx8YmFkbWludG9uJTIwc2VydmV8ZW58MHx8fHwxNzYyODk5NzUxfDA&ixlib=rb-4.1.0&q=80&w=1080",
      "imageHint": "badminton serve"
    },
    {
      "id": "gallery-2",
      "description": "A dynamic shot of a smash.",
      "imageUrl": "https://images.unsplash.com/photo-1732955365693-fbd795199803?crop=entropy&cs=tinysrgb&fit=max&fm=jpg&ixid=M3w3NDE5ODJ8MHwxfHNlYXJjaHwzfHxiYWRtaW50b24lMjBzbWFzaHxlbnwwfHx8fDE3NjI4OTk3NTF8MA&ixlib=rb-4.1.0&q=80&w=1080",
      "imageHint": "badminton smash"
    },
    {
      "id": "gallery-3",
      "description": "Team photo after a game.",
      "imageUrl": "https://images.unsplash.com/photo-1624024834874-2a1611305604?crop=entropy&cs=tinysrgb&fit=max&fm=jpg&ixid=M3w3NDE5ODJ8MHwxfHNlYXJjaHwxfHxiYWRtaW50b24lMjB0ZWFtfGVufDB8fHx8MTc2Mjg5OTc1MXww&ixlib=rb-4.1.0&q=80&w=1080",
      "imageHint": "badminton team"
    },
    {
      "id": "gallery-4",
      "description": "A close-up of a shuttlecock on the net.",
      "imageUrl": "https://images.unsplash.com/photo-1625480859504-e5eca6347c15?crop=entropy&cs=tinysrgb&fit=max&fm=jpg&ixid=M3w3NDE5ODJ8MHwxfHNlYXJjaHw4fHxzaHV0dGxlY29jayUyMG5ldHxlbnwwfHx8fDE3NjI4OTk3NTF8MA&ixlib=rb-4.1.0&q=80&w=1080",
      "imageHint": "shuttlecock net"
    },
    {
      "id": "gallery-5",
      "description": "Players shaking hands.",
      "imageUrl": "https://images.unsplash.com/photo-1694723844526-4d0898a129fa?crop=entropy&cs=tinysrgb&fit=max&fm=jpg&ixid=M3w3NDE5ODJ8MHwxfHNlYXJjaHwyfHxiYWRtaW50b24lMjBoYW5kc2hha2V8ZW58MHx8fHwxNzYyODk5NzUxfDA&ixlib=rb-4.1.0&q=80&w=1080",
      "imageHint": "badminton handshake"
    },
    {
      "id": "gallery-6",
      "description": "Wide shot of a doubles match.",
      "imageUrl": "https://images.unsplash.com/photo-1615326882458-e0d45b097f55?crop=entropy&cs=tinysrgb&fit=max&fm=jpg&ixid=M3w3NDE5ODJ8MHwxfHNlYXJjaHw0fHxiYWRtaW50b24lMjBkb3VibGVzfGVufDB8fHx8MTc2Mjg5OTc1MXww&ixlib=rb-4.1.0&q=80&w=1080",
      "imageHint": "badminton doubles"
    }
  ]
}